{"gamma": 0.9012744059205376, "gae_lambda": 0.9052140759388434, "learning_rate": 0.0005473084511302935, "ent_coef": 0.0008163017883419956, "n_lstm_layers": 1, "lstm_hidden_size": 256}