{"n_step": 10, "coef_0": 0.853494575688769, "coef_1": 0.969135780959921, "coef_2": 0.319041578076539, "coef_3": 0.445029623635311, "coef_4": 0.683182942968775, "coef_5": 0.550083614490767, "coef_6":0.910676721405821, "coef_7":0.772253894114722}