{"n_step": 19, "coef_0": 0.22500849550650887, "coef_1": 0.26998108059222103, "coef_2": 0.8276869243283177, "coef_3": 0.2038270666740617, "coef_4": 0.41093323704270757, "coef_5": 0.7754852819491134, "coef_6": 0.14550100456798232, "coef_7": 0.15209316020506658}